Species,Species_Short,CU_ID,CU_Name,Stock_Report,DU_ID,CU_ID_Alt1,CU_ID_Alt2_CULookup,CU_ID_Report,CU_Name_Alt1,CU_Name_Alt2,CU_Acro,latitude,long,FAZ,MAZ,JAZ,Region,Area,RunTiming,LifeHistory,Group,SMU,DataQualkIdx,AbdMetric,AbsAbdMetric,ShortTrendMetric,LongTrendMetric,PercentileMetric,Avg_Gen,Cyclic,Cyc_Dom,Cyc_Dom_Year,TrendNumGen,TrendExtraYears,TrendLog,TrendSmooth,AvgType,AvgSmooth,AvgRecentExcl,LongTrendMinYears,RelAbd_AvgData,RelAbd_LBM,RelAbd_UBM,AbsAbd_LBM,AbsAbd_UBM,LongTrend_LBM,LongTrend_UBM,PercChange_LBM,PercChange_UBM,ProbDeclBelowLBM_LBM,ProbDeclBelowLBM_UBM,Trends_StartYr,Abd_StartYr
Chinook,Ck,CK_03,Lower Fraser River_FA_0.3,Lower Fraser River_FA_0.3,,,CK-03,CK-03,,,LFR-fall,49.218903,-121.945066,NA,NA,NA,Fraser,Fraser_Lower,Fall,Ocean,CK-Fraser_Lower,CK-Fraser_Fall_4_1,Abs_Abd,TRUE,TRUE,TRUE,TRUE,FALSE,4,FALSE,NA,NA,3,0,TRUE,FALSE,geomean,FALSE,FALSE,15,regular,42918,71412,1000,10000,0.5,0.75,-25,-15,NA,NA,1984,1984
Chinook,Ck,CK_04,Lower Fraser River_SP_1.3,Lower Fraser River_SP_1.3,,,CK-04,CK-04,,,LFR-spring,49.460826,-122.4924814,NA,NA,NA,Fraser,Fraser_Lower,Spring,Stream,CK-Fraser_Lower,CK-Fraser_Spring_5_2,Rel_Idx,FALSE,FALSE,TRUE,TRUE,FALSE,5,FALSE,NA,NA,3,0,TRUE,FALSE,geomean,FALSE,FALSE,15,regular,,,1000,10000,0.5,0.75,-25,-15,NA,NA,1975,1975
Chinook,Ck,CK_05,Lower Fraser River-Upper Pitt_SU_1.3,Lower Fraser River-Upper Pitt_SU_1.3,,,CK-05,CK-05,,,LFR-UPITT,49.566286,-122.634339,NA,NA,NA,Fraser,Fraser_Lower,Summer,Stream,CK-Fraser_Lower,CK-Fraser_Summer_5_2,Rel_Idx,FALSE,FALSE,FALSE,TRUE,FALSE,5,FALSE,NA,NA,3,0,TRUE,FALSE,geomean,FALSE,FALSE,15,regular,,,1000,10000,0.5,0.75,-25,-15,NA,NA,2002,2002
Chinook,Ck,CK_06,Lower Fraser River_SU_1.3,Lower Fraser River_SU_1.3,,,CK-06,CK-06,,,LFR-summer,49.72016855,-122.157779,NA,NA,NA,Fraser,Fraser_Lower,Summer,Stream,CK-Fraser_Lower,CK-Fraser_Summer_5_2,Rel_Idx,FALSE,FALSE,FALSE,TRUE,FALSE,5,FALSE,NA,NA,3,0,TRUE,FALSE,geomean,FALSE,FALSE,15,regular,,,1000,10000,0.5,0.75,-25,-15,NA,NA,2005,2005
Chinook,Ck,CK_07,Maria Slough_SU_0.3,Maria Slough_SU_0.3,,,CK-07,CK-07,,,Maria,49.227919,-121.733305,NA,NA,NA,Fraser,Fraser_Lower,Summer,Ocean,CK-Fraser_Lower,CK-Fraser_Summer_4_1,Rel_Idx,FALSE,FALSE,TRUE,TRUE,FALSE,4,FALSE,NA,NA,3,0,TRUE,FALSE,geomean,FALSE,FALSE,15,regular,,,1000,10000,0.5,0.75,-25,-15,NA,NA,1996,1996
Chinook,Ck,CK_08,Middle Fraser-Fraser Canyon_SP_1.3,Middle Fraser-Fraser Canyon_SP_1.3,,,CK-08,CK-08,,,FRCanyon,49.977915,-121.512032,NA,NA,NA,Fraser,Fraser_Upper,Spring,Stream,CK-Fraser_Mid_Upper,CK-Fraser_Spring_5_2,Abs_Abd,TRUE,TRUE,TRUE,TRUE,FALSE,5,FALSE,NA,NA,3,0,TRUE,FALSE,geomean,FALSE,FALSE,15,regular,,,1000,10000,0.5,0.75,-25,-15,NA,NA,1997,1997
Chinook,Ck,CK_09,Middle Fraser River-Portage_FA_1.3,Middle Fraser River-Portage_FA_1.3,,,CK-09,CK-09,,,Portage,50.70803,-122.270059,NA,NA,NA,Fraser,Fraser_Upper,Fall,Stream,CK-Fraser_Mid_Upper,CK-Fraser_Summer_5_2,Rel_Idx,FALSE,FALSE,TRUE,TRUE,FALSE,5,FALSE,NA,NA,3,0,TRUE,FALSE,geomean,FALSE,FALSE,15,regular,,,1000,10000,0.5,0.75,-25,-15,NA,NA,2000,2000
Chinook,Ck,CK_10,Middle Fraser River_SP_1.3,Middle Fraser River_SP_1.3,,,CK-10,CK-10,,,MFR-spring,52.72549964,-122.6181922,NA,NA,NA,Fraser,Fraser_Upper,Spring,Stream,CK-Fraser_Mid_Upper,CK-Fraser_Spring_5_2,Rel_Idx,FALSE,FALSE,TRUE,TRUE,FALSE,5,FALSE,NA,NA,3,0,TRUE,FALSE,geomean,FALSE,FALSE,15,regular,,,1000,10000,0.5,0.75,-25,-15,NA,NA,1995,1995
Chinook,Ck,CK_11,Middle Fraser River_SU_1.3,Middle Fraser River_SU_1.3,,,CK-11,CK-11,,,MFR-summer,52.94072095,-123.4585458,NA,NA,NA,Fraser,Fraser_Upper,Summer,Stream,CK-Fraser_Mid_Upper,CK-Fraser_Summer_5_2,Rel_Idx,FALSE,FALSE,FALSE,TRUE,FALSE,5,FALSE,NA,NA,3,0,TRUE,FALSE,geomean,FALSE,FALSE,15,regular,,,1000,10000,0.5,0.75,-25,-15,NA,NA,1999,1999
Chinook,Ck,CK_12,Upper Fraser River_SP_1.3,Upper Fraser River_SP_1.3,,,CK-12,CK-12,,,UFR-spring,53.67953103,-120.9021509,NA,NA,NA,Fraser,Fraser_Upper,Spring,Stream,CK-Fraser_Mid_Upper,CK-Fraser_Spring_5_2,Rel_Idx,FALSE,FALSE,TRUE,TRUE,FALSE,5,FALSE,NA,NA,3,0,TRUE,FALSE,geomean,FALSE,FALSE,15,regular,,,1000,10000,0.5,0.75,-25,-15,NA,NA,1995,1995
Chinook,Ck,CK_13,South Thompson_SU_0.3,South Thompson_SU_0.3,,,CK-13,CK-13,,,STh-0.3,50.94251125,-119.4355425,NA,NA,NA,Fraser,Fraser_Thompson,Summer,Ocean,CK-Fraser_Thompson,CK-Fraser_Summer_4_1,Rel_Idx,FALSE,FALSE,TRUE,TRUE,FALSE,4,FALSE,NA,NA,3,0,TRUE,FALSE,geomean,FALSE,FALSE,15,regular,,,1000,10000,0.5,0.75,-25,-15,NA,NA,1997,1997
Chinook,Ck,CK_14,South Thompson_SU_1.3,South Thompson_SU_1.3,,,CK-14,CK-14,,,STh-1.3,50.8752315,-119.251533,NA,NA,NA,Fraser,Fraser_Thompson,Summer,Stream,CK-Fraser_Thompson,CK-Fraser_Summer_5_2,Rel_Idx,FALSE,FALSE,TRUE,TRUE,FALSE,5,FALSE,NA,NA,3,0,TRUE,FALSE,geomean,FALSE,FALSE,15,regular,,,1000,10000,0.5,0.75,-25,-15,NA,NA,1999,1999
Chinook,Ck,CK_15,Shuswap River_SU_0.3,Shuswap River_SU_0.3,,,CK-15,CK-15,,,STh-SHUR,50.576293,-118.8984295,NA,NA,NA,Fraser,Fraser_Thompson,Summer,Ocean,CK-Fraser_Thompson,CK-Fraser_Summer_4_1,Abs_Abd,TRUE,TRUE,TRUE,TRUE,FALSE,4,FALSE,NA,NA,3,0,TRUE,FALSE,geomean,FALSE,FALSE,15,regular,,,1000,10000,0.5,0.75,-25,-15,NA,NA,1983,1983
Chinook,Ck,CK_16,South Thompson-Bessette Creek_SU_1.2,South Thompson-Bessette Creek_SU_1.2,,,CK-16,CK-16,,,STh-BESS,50.25159,-118.935535,NA,NA,NA,Fraser,Fraser_Thompson,Summer,Stream,CK-Fraser_Thompson,CK-Fraser_Spring_4_2,Rel_Idx,FALSE,FALSE,FALSE,TRUE,FALSE,4,FALSE,NA,NA,3,0,TRUE,FALSE,geomean,FALSE,FALSE,15,regular,,,1000,10000,0.5,0.75,-25,-15,NA,NA,1999,1999
Chinook,Ck,CK_17,Lower Thompson_SP_1.2,Lower Thompson_SP_1.2,,,CK-17,CK-17,,,LTh,50.336506,-120.9842179,NA,NA,NA,Fraser,Fraser_Thompson,Spring,Stream,CK-Fraser_Thompson,CK-Fraser_Spring_4_2,Rel_Idx,FALSE,FALSE,TRUE,TRUE,FALSE,4,FALSE,NA,NA,3,0,TRUE,FALSE,geomean,FALSE,FALSE,15,regular,,,1000,10000,0.5,0.75,-25,-15,NA,NA,1995,1995
Chinook,Ck,CK_18,North Thompson_SP_1.3,North Thompson_SP_1.3,,,CK-18,CK-18,,,NTh-spr,51.83759443,-119.6156737,NA,NA,NA,Fraser,Fraser_Thompson,Spring,Stream,CK-Fraser_Thompson,CK-Fraser_Spring_5_2,Rel_Idx,FALSE,FALSE,FALSE,TRUE,FALSE,5,FALSE,NA,NA,3,0,TRUE,FALSE,geomean,FALSE,FALSE,15,regular,,,1000,10000,0.5,0.75,-25,-15,NA,NA,1999,1999
Chinook,Ck,CK_19,North Thompson_SU_1.3,North Thompson_SU_1.3,,,CK-19,CK-19,,,NTh-sum,51.43836057,-120.0999803,NA,NA,NA,Fraser,Fraser_Thompson,Summer,Stream,CK-Fraser_Thompson,CK-Fraser_Summer_5_2,Rel_Idx,FALSE,FALSE,TRUE,TRUE,FALSE,5,FALSE,NA,NA,3,0,TRUE,FALSE,geomean,FALSE,FALSE,15,regular,,,1000,10000,0.5,0.75,-25,-15,NA,NA,1997,1997
Chinook,Ck,CK_82,Upper Adams River_SU_x.x,Upper Adams River_SU_x.x,,,CK-82,CK-82,,,UADAMS,51.411,-119.456,NA,NA,NA,Fraser,Fraser_Thompson,Summer,Ocean,CK-Fraser_Thompson,TBD,Rel_Idx,FALSE,FALSE,FALSE,TRUE,FALSE,5,FALSE,NA,NA,3,0,TRUE,FALSE,geomean,FALSE,FALSE,15,regular,,,1000,10000,0.5,0.75,-25,-15,NA,NA,1999,1999
Chinook,Ck,CK_9006,Fraser-Cross-CU Supplementation Exclusion,Fraser-Cross-CU Supplementation Exclusion,,,CK_9006,CK-9006,,,FR-XCU,49.125664,-122.098166,NA,NA,NA,Fraser,Fraser,Summer,NA,CK-Fraser,TBD,Rel_Idx,FALSE,FALSE,FALSE,TRUE,FALSE,5,FALSE,NA,NA,3,0,TRUE,FALSE,geomean,FALSE,FALSE,15,regular,,,1000,10000,0.5,0.75,-25,-15,NA,NA,2002,2002
Chinook,Ck,CK_9008,Fraser-Harrison fall transplant_FA_0.3,Fraser-Harrison fall transplant_FA_0.3,,,CK_9008,CK-9008,,,Chil_transp_FA,49.125664,-122.098166,NA,NA,NA,Fraser,Fraser,Fall,NA,CK-Fraser,TBD,Rel_Idx,FALSE,FALSE,FALSE,TRUE,FALSE,5,FALSE,NA,NA,3,0,TRUE,FALSE,geomean,FALSE,FALSE,15,regular,,,1000,10000,0.5,0.75,-25,-15,NA,NA,1986,1986
Chinook,Ck,CK-01,Okanagan_1.x,Okanagan_1.x,,,CK-01,CK-01,,,OK,49.07637,-119.51818,,,,Columbia,Columbia,Summer,Ocean,CK-Columbia,CK-Okanagan,Abs_Abd,TRUE,TRUE,TRUE,TRUE,FALSE,4,FALSE,NA,NA,3,0,TRUE,FALSE,geomean,FALSE,FALSE,15,regular,,,1000,10000,0.5,0.75,-25,-15,NA,NA,2001,2001
Chinook,Ck,CK-02,Boundary Bay_FA_0.3,Boundary Bay_FA_0.3,,,CK-02,CK-02,,,BB,49.050899,-122.8337027,,,,Inner_South_Coast,South_Coast,Fall,Ocean,CK-Inner_South_Coast,CK_BoundaryBay,Rel_Idx,FALSE,FALSE,TRUE,TRUE,FALSE,4,FALSE,NA,NA,3,0,TRUE,FALSE,geomean,FALSE,FALSE,15,regular,,,1000,10000,0.5,0.75,-25,-15,NA,NA,1979,1979
Chinook,Ck,CK-20,Southern Mainland-Georgia Strait_FA_0.x,Southern Mainland-Georgia Strait_FA_0.x,,,CK-20,CK-20,,,SMn-GStr,49.82000109,-123.6849117,,,,Inner_South_Coast,South_Coast,Fall,Ocean,CK-Inner_South_Coast,CK_MainlandInlet,Rel_Idx,FALSE,FALSE,FALSE,TRUE,FALSE,4,FALSE,NA,NA,3,0,TRUE,FALSE,geomean,FALSE,FALSE,15,regular,,,1000,10000,0.5,0.75,-25,-15,NA,NA,2005,2005
Chinook,Ck,CK-28,Southern Mainland-Southern Fjords_FA_0.x,Southern Mainland-Southern Fjords_FA_0.x,,,CK-28,CK-28,,,SMn-SFj,50.77191119,-125.7759716,,,,Inner_South_Coast,South_Coast,Fall,Ocean,CK-Inner_South_Coast,CK_MainlandInlet,Rel_Idx,FALSE,FALSE,FALSE,TRUE,FALSE,4,FALSE,NA,NA,3,0,TRUE,FALSE,geomean,FALSE,FALSE,15,regular,,,1000,10000,0.5,0.75,-25,-15,NA,NA,2002,2002
Chinook,Ck,CK-21,East Vancouver Island-Goldstream_FA_0.x,East Vancouver Island-Goldstream_FA_0.x,,,CK-21,CK-21,,,Goldstr,48.521776,-123.5053625,,,,Inner_South_Coast,South_Coast,Fall,Ocean,CK-Inner_South_Coast,CK_GeorgiaStrait_Lower,Abs_Abd,FALSE,FALSE,FALSE,TRUE,FALSE,3,FALSE,NA,NA,3,0,TRUE,FALSE,geomean,FALSE,FALSE,15,regular,,,1000,10000,0.5,0.75,-25,-15,NA,NA,2000,2000
Chinook,Ck,CK-22,East Vancouver Island-Cowichan & Koksilah_FA_0.x,East Vancouver Island-Cowichan & Koksilah_FA_0.x,,,CK-22,CK-22,,,CWCH-KOK,48.78960057,-123.9518269,,,,Inner_South_Coast,South_Coast,Fall,Ocean,CK-Inner_South_Coast,CK_GeorgiaStrait_Lower,Abs_Abd,TRUE,TRUE,TRUE,TRUE,FALSE,3,FALSE,NA,NA,3,0,TRUE,FALSE,geomean,FALSE,FALSE,15,regular,,,1000,10000,0.5,0.75,-25,-15,NA,NA,1988,1988
Chinook,Ck,CK-23,East Vancouver Island-Nanaimo_SP_1.x,East Vancouver Island-Nanaimo_SP_1.x,,,CK-23,CK-23,,,NanR-spr,49.089668,-124.22946,,,,Inner_South_Coast,South_Coast,Spring,Stream,CK-Inner_South_Coast,CK_GeorgiaStrait_Middle,Rel_Idx,FALSE,FALSE,FALSE,TRUE,FALSE,4,FALSE,NA,NA,3,0,TRUE,FALSE,geomean,FALSE,FALSE,15,regular,,,1000,10000,0.5,0.75,-25,-15,NA,NA,1995,1995
Chinook,Ck,CK-25,East Vancouver Island-Nanaimo & Chemainus_FA_0.x,East Vancouver Island-Nanaimo & Chemainus_FA_0.x,,,CK-25,CK-25,,,EVI-fall,49.0467525,-123.8255375,,,,Inner_South_Coast,South_Coast,Fall,Ocean,CK-Inner_South_Coast,CK_GeorgiaStrait_Middle,Rel_Idx,FALSE,FALSE,FALSE,TRUE,FALSE,3,FALSE,NA,NA,3,0,TRUE,FALSE,geomean,FALSE,FALSE,15,regular,,,1000,10000,0.5,0.75,-25,-15,NA,NA,1995,1995
Chinook,Ck,CK-27,East Vancouver Island-Qualicum & Puntledge_FA_0.x,East Vancouver Island-Qualicum & Puntledge_FA_0.x,,,CK-27,CK-27,,,QP-fall,49.6828075,-124.8908822,,,,Inner_South_Coast,South_Coast,Fall,Ocean,CK-Inner_South_Coast,CK_GeorgiaStrait_Middle,Rel_Idx,FALSE,FALSE,FALSE,TRUE,FALSE,4,FALSE,NA,NA,3,0,TRUE,FALSE,geomean,FALSE,FALSE,15,regular,,,1000,10000,0.5,0.75,-25,-15,NA,NA,1995,1995
Chinook,Ck,CK-29,East Vancouver Island-North_FA_0.x,East Vancouver Island-North_FA_0.x,,,CK-29,CK-29,,,NEVI,50.47273457,-126.6023304,,,,Inner_South_Coast,South_Coast,Fall,Ocean,CK-Inner_South_Coast,CK_GeorgiaStrait_Upper,Rel_Idx,FALSE,FALSE,TRUE,TRUE,FALSE,4,FALSE,NA,NA,3,0,TRUE,FALSE,geomean,FALSE,FALSE,15,regular,,,1000,10000,0.5,0.75,-25,-15,NA,NA,1999,1999
Chinook,Ck,CK-83,East Vancouver Island - Georgia Strait Summer 0.3,East Vancouver Island - Georgia Strait Summer 0.3,,,CK-83,CK-83,,,EVI-GS-Sum,,,,,,Inner_South_Coast,South_Coast,Summer,TBD,CK-Inner_South_Coast,CK_GeorgiaStrait_Middle,Rel_Idx,FALSE,FALSE,FALSE,FALSE,FALSE,4,FALSE,NA,NA,3,0,TRUE,FALSE,geomean,FALSE,FALSE,15,regular,,,1000,10000,0.5,0.75,-25,-15,NA,NA,1996,1996
Chinook,Ck,CK-34,Homathko_SU_x.x,Homathko_SU_x.x,,,CK-34,CK-34,,,Homa,,,,,,Inner_South_Coast,South_Coast,Summer,TBD,CK-Inner_South_Coast,CK_MainlandInlet,Rel_Idx,FALSE,FALSE,FALSE,FALSE,FALSE,4,FALSE,NA,NA,3,0,TRUE,FALSE,geomean,FALSE,FALSE,15,regular,,,1000,10000,0.5,0.75,-25,-15,NA,NA,1996,1996
Chinook,Ck,CK-35,Klinaklini_SU_1.3,Klinaklini_SU_1.3,,,CK-35,CK-35,,,Klina,,,,,,Inner_South_Coast,South_Coast,Summer,TBD,CK-Inner_South_Coast,CK_MainlandInlet,Rel_Idx,FALSE,FALSE,FALSE,FALSE,FALSE,4,FALSE,NA,NA,3,0,TRUE,FALSE,geomean,FALSE,FALSE,15,regular,,,1000,10000,0.5,0.75,-25,-15,NA,NA,1996,1996
Chinook,Ck,CK-31,West Vancouver Island-South_FA_0.x,West Vancouver Island-South_FA_0.x,,,CK-31,CK-31,,,SWVI,49.02515337,-125.2102267,,,,WCVI,South_Coast,Fall,Ocean,CK_WCVI,CK_WCVI,Abs_Abd,TRUE,FALSE,TRUE,TRUE,FALSE,4,FALSE,NA,NA,3,0,TRUE,FALSE,geomean,FALSE,FALSE,15,regular,1500,2720,1000,10000,0.5,0.75,-25,-15,NA,NA,1995,1995
Chinook,Ck,CK-32,West Vancouver Island-Nootka & Kyuquot_FA_0.x,West Vancouver Island-Nootka & Kyuquot_FA_0.x,,,CK-32,CK-32,,,NoKy,49.91102432,-126.8499923,,,,WCVI,South_Coast,Fall,Ocean,CK_WCVI,CK_WCVI,Abs_Abd,TRUE,FALSE,TRUE,TRUE,FALSE,4,FALSE,NA,NA,3,0,TRUE,FALSE,geomean,FALSE,FALSE,15,regular,1300,2240,1000,10000,0.5,0.75,-25,-15,NA,NA,1995,1995
Chinook,Ck,CK-33,West Vancouver Island-North_FA_0.x,West Vancouver Island-North_FA_0.x,,,CK-33,CK-33,,,NWVI,50.479909,-127.7383889,,,,WCVI,South_Coast,Fall,Ocean,CK_WCVI,CK_WCVI,Abs_Abd,TRUE,FALSE,TRUE,TRUE,FALSE,4,FALSE,NA,NA,3,0,TRUE,FALSE,geomean,FALSE,FALSE,15,regular,640,1144,1000,10000,0.5,0.75,-25,-15,NA,NA,1996,1996
Coho,Co,CO_01,Middle Fraser,Middle Fraser,,CO_06,CO-48,CO-01,,,MFr,NA,NA,MFR,GStr,MFR+GStr,Fraser,Fraser_Mid,NA,NA,CO-Fraser_Int,,Abs_Abd,TRUE,TRUE,TRUE,TRUE,TRUE,3,FALSE,NA,NA,3,1,TRUE,TRUE,geomean,FALSE,FALSE,15,regular,1600,2800,1000,10000,0.5,0.75,-25,-15,NA,NA,1984,1984
Coho,Co,CO_02,Fraser Canyon,Fraser Canyon,,CO_05,CO-05,CO-02,,,FrCny,NA,NA,FRCany,GStr,FRCany+GStr,Fraser,Fraser_Canyon,NA,NA,CO-Fraser_Int,,Abs_Abd,TRUE,TRUE,TRUE,TRUE,TRUE,3,FALSE,NA,NA,3,1,TRUE,TRUE,geomean,FALSE,FALSE,15,regular,741,1562,1000,10000,0.5,0.75,-25,-15,NA,NA,1998,1998
Coho,Co,CO_03,Lower Thompson,Lower Thompson,,CO_07,CO-07,CO-03,,,Lthom,NA,NA,LTHOM,GStr,LTHOM+GStr,Fraser,Fraser_Thompson,NA,NA,CO-Fraser_Int,,Abs_Abd,TRUE,TRUE,TRUE,TRUE,TRUE,3,FALSE,NA,NA,3,1,TRUE,TRUE,geomean,FALSE,FALSE,15,regular,1405,3052,1000,10000,0.5,0.75,-25,-15,NA,NA,1984,1984
Coho,Co,CO_04,North Thompson,North Thompson,,CO_09,CO-09,CO-04,,,NTh,NA,NA,NTHOM,GStr,NTHOM+GStr,Fraser,Fraser_Thompson,NA,NA,CO-Fraser_Int,,Abs_Abd,TRUE,TRUE,TRUE,TRUE,TRUE,3,FALSE,NA,NA,3,1,TRUE,TRUE,geomean,FALSE,FALSE,15,regular,2546,5285,1000,10000,0.5,0.75,-25,-15,NA,NA,1975,1975
Coho,Co,CO_05,South Thompson,South Thompson,,CO_08,CO-08,CO-05,,,STh,NA,NA,STHOM,GStr,STHOM+GStr,Fraser,Fraser_Thompson,NA,NA,CO-Fraser_Int,,Abs_Abd,TRUE,TRUE,TRUE,TRUE,TRUE,3,FALSE,NA,NA,3,1,TRUE,TRUE,geomean,FALSE,FALSE,15,regular,2377,4462,1000,10000,0.5,0.75,-25,-15,NA,NA,1975,1975
Sockeye,Sk,CU_1,Bowron_ES,Bowron_ES,,SEL-07-001,SEL-07-01,CU-1,,,ES_Bowr,53.145776,-121.093205,UFR,GStr,UFR+GStr,Fraser,Fraser_Mid,Early Summer,Lake,SK-Fraser_Esum,SK-Fraser_EarlySummer,Abs_Abd,TRUE,TRUE,TRUE,TRUE,TRUE,4,FALSE,NA,NA,3,0,TRUE,TRUE,geomean,TRUE,FALSE,15,regular,5047,18580,1000,10000,0.5,0.75,-25,-15,NA,NA,1950,1950
Sockeye,Sk,CU_10,Seton_L,Seton_L,,,SEL-06-11,CU-10,,,L_Set,50.685389,-122.101863,NTh,GStr,NTh+GStr,Fraser,Fraser_Thompson,Late,Lake,SK-Fraser_Lat,SK-Fraser_Late,Abs_Abd,TRUE,TRUE,TRUE,TRUE,TRUE,4,FALSE,NA,NA,3,0,TRUE,TRUE,geomean,TRUE,FALSE,15,regular,2193,13453,1000,10000,0.5,0.75,-25,-15,NA,NA,1965,1965
Sockeye,Sk,CU_11,Harrison_US_L,Harrison_US_L,,,SEL-03-04,CU-11,,,L_HarrUS,49.555384,-121.862927,LFR,GStr,LFR+GStr,Fraser,Fraser_Lower,Late,Lake,SK-Fraser_Lat,SK-Fraser_Late,Abs_Abd,TRUE,TRUE,TRUE,TRUE,TRUE,4,FALSE,NA,NA,3,0,TRUE,TRUE,geomean,TRUE,FALSE,15,regular,10731,84597,1000,10000,0.5,0.75,-25,-15,NA,NA,1950,1966
Sockeye,Sk,CU_12,Lillooet_Harr_L,Lillooet_Harr_L,,,SEL-04-01,CU-12,,,L_LilHarr,50.261719,-122.532211,LILL,GStr,LILL+GStr,Fraser,Fraser_Lower,Late,Lake,SK-Fraser_Lat,SK-Fraser_Late,Abs_Abd,TRUE,TRUE,TRUE,TRUE,TRUE,4,FALSE,NA,NA,3,0,TRUE,TRUE,geomean,TRUE,FALSE,15,regular,14178,76930,1000,10000,0.5,0.75,-25,-15,NA,NA,1950,1950
Sockeye,Sk,CU_13,Harrison_DS_L,Harrison_DS_L,,,SEL-03-03,CU-13,,,L_HarrDS,49.566419,-121.869325,LFR,GStr,LFR+GStr,Fraser,Fraser_Lower,Late,Lake,SK-Fraser_Lat,SK-Fraser_Late,Rel_Idx,FALSE,FALSE,TRUE,TRUE,TRUE,4,FALSE,NA,NA,3,0,TRUE,TRUE,geomean,TRUE,FALSE,15,regular,NA,NA,1000,10000,0.5,0.75,-25,-15,NA,NA,1950,1950
Sockeye,Sk,CU_14,Nahatlatch_ES,Nahatlatch_ES,,,SEL-05-02,CU-14,,,ES_Naha,49.978597,-121.775875,FRCany,GStr,FRCany+GStr,Fraser,Fraser_Canyon,Early Summer,Lake,SK-Fraser_Esum,SK-Fraser_EarlySummer,Abs_Abd,TRUE,TRUE,TRUE,TRUE,TRUE,4,FALSE,NA,NA,3,0,TRUE,TRUE,geomean,TRUE,FALSE,15,regular,NA,NA,1000,10000,0.5,0.75,-25,-15,NA,NA,1975,1975
Sockeye,Sk,CU_15,Taseko_ES,Taseko_ES,,,SEL-06-16,CU-15,,,ES_Tas,51.335367,-123.615414,MFR,GStr,MFR+GStr,Fraser,Fraser_Mid,Early Summer,Lake,SK-Fraser_Esum,SK-Fraser_EarlySummer,Rel_Idx,FALSE,FALSE,TRUE,TRUE,TRUE,4,FALSE,NA,NA,3,0,TRUE,TRUE,geomean,TRUE,FALSE,15,regular,NA,NA,1000,10000,0.5,0.75,-25,-15,NA,NA,1950,1950
Sockeye,Sk,CU_16,Widgeon_RT,Widgeon_RT,,,SER-02,CU-16,,,RT_Wid,49.366612,-122.637603,LFR,GStr,LFR+GStr,Fraser,Fraser_Lower,NA,River,SK-Fraser_RT,SK-Fraser_Late,Abs_Abd,TRUE,TRUE,TRUE,TRUE,TRUE,4,FALSE,NA,NA,3,0,TRUE,TRUE,geomean,TRUE,FALSE,15,regular,NA,NA,1000,10000,0.5,0.75,-25,-15,NA,NA,1950,1950
Sockeye,Sk,CU_17,Chilliwack_ES,Chilliwack_ES,,,SEL-03-01,CU-17,,,ES_Chill,49.079098,-121.435047,LFR,GStr,LFR+GStr,Fraser,Fraser_Lower,Early Summer,Lake,SK-Fraser_Esum,SK-Fraser_EarlySummer,Abs_Abd,TRUE,TRUE,TRUE,TRUE,TRUE,4,FALSE,NA,NA,3,0,TRUE,TRUE,geomean,TRUE,FALSE,15,regular,8000,16000,1000,10000,0.5,0.75,-25,-15,NA,NA,2001,2001
Sockeye,Sk,CU_18,Takla_Trem_EStu,Takla_Trem_EStu,,SEL-06-014,SEL-06-14,CU-18,,,Estu,,,,,,Fraser,,Early Stuart,Lake,SK-Fraser_Estu,SK-Fraser_EarlyStuart,Abs_Abd,TRUE,TRUE,TRUE,TRUE,TRUE,4,TRUE,3,1953,3,0,TRUE,TRUE,geomean,TRUE,FALSE,15,regular,NA,NA,1000,10000,0.5,0.75,-25,-15,NA,NA,1950,1950
Sockeye,Sk,CU_19,Anderson_Seton_ES,Anderson_Seton_ES,,,SEL-06-01,CU-19,,,ES_AndSet,,,,,,Fraser,,Early Summer,Lake,SK-Fraser_Esum,SK-Fraser_EarlySummer,Abs_Abd,TRUE,TRUE,TRUE,TRUE,TRUE,4,FALSE,NA,NA,3,0,TRUE,TRUE,geomean,TRUE,FALSE,15,regular,3662,22534,1000,10000,0.5,0.75,-25,-15,NA,NA,1954,1950
Sockeye,Sk,CU_2,Kamloops_ES,Kamloops_ES,,SEL-10-001,SEL-10-01,CU-2,,,ES_Kaml,50.731927,-120.602129,NTh,GStr,NTh+GStr,Fraser,Fraser_Thompson_Lower,Early Summer,Lake,SK-Fraser_Esum,SK-Fraser_EarlySummer,Abs_Abd,TRUE,TRUE,TRUE,TRUE,TRUE,4,FALSE,NA,NA,3,0,TRUE,TRUE,geomean,TRUE,FALSE,15,regular,4958,17838,1000,10000,0.5,0.75,-25,-15,NA,NA,1950,1950
Sockeye,Sk,CU_20,Shuswap_ES,Shuswap_ES,,,SEL-09-02,CU-20,,,ES_Shu,,,,,,Fraser,,Early Summer,Lake,SK-Fraser_Esum,SK-Fraser_EarlySummer,Abs_Abd,TRUE,TRUE,TRUE,TRUE,TRUE,4,TRUE,4,1950,3,0,TRUE,TRUE,geomean,TRUE,FALSE,15,regular,NA,NA,1000,10000,0.5,0.75,-25,-15,NA,NA,1950,1950
Sockeye,Sk,CU_21,Takla_Trem_S_S,Takla_Trem_S_S,,SEL-06-013,SEL-06-13,CU-21,,,S_TakTremStu,,,,,,Fraser,,Summer,Lake,SK-Fraser_Sum,SK-Fraser_Summer,Abs_Abd,TRUE,TRUE,TRUE,TRUE,TRUE,4,TRUE,3,1953,3,0,TRUE,TRUE,geomean,TRUE,FALSE,15,regular,NA,NA,1000,10000,0.5,0.75,-25,-15,NA,NA,1954,1953
Sockeye,Sk,CU_22,Quesnel_S,Quesnel_S,,,SEL-06-10,CU-22,,,S_Ques,,,,,,Fraser,,Summer,Lake,SK-Fraser_Sum,SK-Fraser_Summer,Abs_Abd,TRUE,TRUE,TRUE,TRUE,TRUE,4,TRUE,3,1953,3,0,TRUE,TRUE,geomean,TRUE,FALSE,15,regular,NA,NA,1000,10000,0.5,0.75,-25,-15,NA,NA,1950,1950
Sockeye,Sk,CU_23,Shuswap_L,Shuswap_L,,,SEL-09-03,CU-23,,,L_Shu,,,,,,Fraser,,Late,Lake,SK-Fraser_Lat,SK-Fraser_Late,Abs_Abd,TRUE,TRUE,TRUE,TRUE,TRUE,4,TRUE,4,1950,3,0,TRUE,TRUE,geomean,TRUE,FALSE,15,regular,NA,NA,1000,10000,0.5,0.75,-25,-15,NA,NA,1950,1950
Sockeye,Sk,CU_3,Nadina_Francois_ES,Nadina_Francois_ES,,,SEL-06-20,CU-3,,,ES_NadFran,54.025274,-125.690174,MFR,GStr,MFR+GStr,Fraser,Fraser_Mid,Early Summer,Lake,SK-Fraser_Esum,SK-Fraser_EarlySummer,Abs_Abd,TRUE,TRUE,TRUE,TRUE,TRUE,4,FALSE,NA,NA,3,0,TRUE,TRUE,geomean,TRUE,FALSE,15,regular,21694,68273,1000,10000,0.5,0.75,-25,-15,NA,NA,1973,1973
Sockeye,Sk,CU_4,North_Barriere_ES,North_Barriere_ES,,,SEL-10-03,CU-4,,,ES_Nbarr,51.330911,-119.853905,NTh,GStr,NTh+GStr,Fraser,Fraser_Thompson,Early Summer,Lake,SK-Fraser_Esum,SK-Fraser_EarlySummer,Abs_Abd,TRUE,TRUE,TRUE,TRUE,TRUE,4,FALSE,NA,NA,3,0,TRUE,TRUE,geomean,TRUE,FALSE,15,regular,640,5097,1000,10000,0.5,0.75,-25,-15,NA,NA,1967,1950
Sockeye,Sk,CU_5,Pitt_ES,Pitt_ES,,,SEL-03-05,CU-5,,,ES_Pitt,49.428248,-122.541373,LFR,GStr,LFR+GStr,Fraser,Fraser_Lower,Early Summer,Lake,SK-Fraser_Esum,SK-Fraser_EarlySummer,Abs_Abd,TRUE,TRUE,TRUE,TRUE,TRUE,4,FALSE,NA,NA,3,0,TRUE,TRUE,geomean,TRUE,FALSE,15,regular,6240,20333,1000,10000,0.5,0.75,-25,-15,NA,NA,1950,1950
Sockeye,Sk,CU_6,Chilko_S_ES,Chilko_S_ES,,,SEL-06-03/SEL-06-02,CU-6,,,S_Chilko,51.325983,-124.095829,MFR,GStr,MFR+GStr,Fraser,Fraser_Mid,Summer,Lake,SK-Fraser_Sum,SK-Fraser_Summer,Abs_Abd,TRUE,TRUE,TRUE,TRUE,TRUE,4,FALSE,NA,NA,3,0,TRUE,TRUE,geomean,TRUE,FALSE,15,regular,72471,379321,1000,10000,0.5,0.75,-25,-15,NA,NA,1950,1950
Sockeye,Sk,CU_6b,Chilko_ES,Chilko_ES,,,SEL-06-02,CU-6b,,,ES_Chilko,51.325983,-124.095829,MFR,GStr,MFR+GStr,Fraser,Fraser_Mid,Early Summer,Lake,SK-Fraser_Sum,SK-Fraser_Summer,Abs_Abd,TRUE,TRUE,TRUE,TRUE,TRUE,4,FALSE,NA,NA,3,0,TRUE,TRUE,geomean,TRUE,FALSE,15,regular,,,1000,10000,0.5,0.75,-25,-15,NA,NA,1950,1950
Sockeye,Sk,CU_7,Fran_Fras_S,Fran_Fras_S,,SEL-06-007,SEL-06-07,CU-7,,,S_FranFras,54.074324,-124.767103,MFR,GStr,MFR+GStr,Fraser,Fraser_Mid,Summer,Lake,SK-Fraser_Sum,SK-Fraser_Summer,Abs_Abd,TRUE,TRUE,TRUE,TRUE,TRUE,4,FALSE,NA,NA,3,0,TRUE,TRUE,geomean,TRUE,FALSE,15,regular,24256,122612,1000,10000,0.5,0.75,-25,-15,NA,NA,1950,1950
Sockeye,Sk,CU_8,Cultus_L,Cultus_L,,,SEL-03-02,CU-8,,,L_Cult,49.061475,-121.983312,LFR,GStr,LFR+GStr,Fraser,Fraser_Lower,Late,Lake,SK-Fraser_Lat,SK-Fraser_Late,Abs_Abd,TRUE,TRUE,TRUE,TRUE,TRUE,4,FALSE,NA,NA,3,0,TRUE,TRUE,geomean,TRUE,FALSE,15,regular,14634,30642,1000,10000,0.5,0.75,-25,-15,NA,NA,1950,1948
Sockeye,Sk,CU_9,Harrison_R,Harrison_R,,,SER-03,CU-9,,,RT_HarrR,49.286905,-121.899221,LFR,GStr,LFR+GStr,Fraser,Fraser_Lower,NA,River,SK-Fraser_RT,SK-Fraser_Summer,Abs_Abd,TRUE,TRUE,TRUE,TRUE,TRUE,4,FALSE,NA,NA,3,0,TRUE,TRUE,geomean,TRUE,FALSE,15,regular,38928,122165,1000,10000,0.5,0.75,-25,-15,NA,NA,1950,1990
Chum,Cm,CM_02,Lower Fraser Chum,Lower Fraser Chum,,,CM-02,CM-02,,,LowerFraser,49.23131328,-122.1198848,,,,Fraser,,,,CM-Fraser_Lower,CM-Fraser,Rel_Idx,FALSE,FALSE,TRUE,TRUE,FALSE,4,FALSE,NA,NA,3,0,TRUE,TRUE,geomean,TRUE,FALSE,15,regular,NA,NA,1000,10000,0.5,0.75,-25,-15,NA,NA,2002,2002
Pink,Pk,PKO_01,Fraser Pink,Fraser Pink,,,PKO-01,PKO-01,,,Fraser,50.12533738,-121.7436169,,,,Fraser,,,,PK_Fraser,PK_Fraser,Rel_Idx,FALSE,FALSE,TRUE,TRUE,FALSE,1,FALSE,1,NA,10,0,TRUE,TRUE,geomean,TRUE,FALSE,10,regular,NA,NA,1000,10000,0.5,0.75,-25,-15,NA,NA,1993,1993
Chum,Cm,CM-08,Southern Coastal Streams,Southern Coastal Streams,,,CM-08,CM-08,,,SthCoastStr,51.0557313,-126.558102,SC,SFj,SC+SFj,Inner_South_Coast,,,,CM-SC_Inside,,Abs_Abd,FALSE,FALSE,TRUE,TRUE,FALSE,4,FALSE,NA,NA,3,0,TRUE,FALSE,geomean,FALSE,FALSE,15,regular,NA,NA,1000,10000,0.5,0.75,-25,-15,NA,NA,1953,1953
Chum,Cm,CM-05,Northeast Vancouver Island,Northeast Vancouver Island,,,CM-05,CM-05,,,NEVI,50.3493188,-126.58448,EVI,SFj,EVI+SFj,Inner_South_Coast,,,,CM-SC_Inside,,Abs_Abd,FALSE,FALSE,TRUE,TRUE,FALSE,4,FALSE,NA,NA,3,0,TRUE,FALSE,geomean,FALSE,FALSE,15,regular,NA,NA,1000,10000,0.5,0.75,-25,-15,NA,NA,1953,1953
Chum,Cm,CM-09,Upper Knight,Upper Knight,,,CM-09,CM-09,,,UpKnight,51.5486748,-125.4979637,SC:HK,SFj,SC+SFj:HK+SFj,Inner_South_Coast,,,,CM-SC_Inside,,Abs_Abd,FALSE,FALSE,TRUE,TRUE,FALSE,4,FALSE,NA,NA,3,0,TRUE,FALSE,geomean,FALSE,FALSE,15,regular,NA,NA,1000,10000,0.5,0.75,-25,-15,NA,NA,1953,1953
Chum,Cm,CM-06,Loughborough,Loughborough,,,CM-06,CM-06,,,LoughB,50.6010284,-125.5271282,SC,SFj,SC+SFj,Inner_South_Coast,,,,CM-SC_Inside,,Abs_Abd,FALSE,FALSE,TRUE,TRUE,FALSE,4,FALSE,NA,NA,3,0,TRUE,FALSE,geomean,FALSE,FALSE,15,regular,NA,NA,1000,10000,0.5,0.75,-25,-15,NA,NA,1953,1953
Chum,Cm,CM-07,Bute Inlet,Bute Inlet,,,CM-07,CM-07,,,ButeInl,51.2169927,-124.6851601,HK:SC,SFj,HK+SFj:SC+SFj,Inner_South_Coast,,,,CM-SC_Inside,,Abs_Abd,FALSE,FALSE,TRUE,TRUE,FALSE,4,FALSE,NA,NA,3,0,TRUE,FALSE,geomean,FALSE,FALSE,15,regular,NA,NA,1000,10000,0.5,0.75,-25,-15,NA,NA,1953,1953
Chum,Cm,CM-04,Georgia Strait,Georgia Strait,,,CM-04,CM-04,,,GeorgiaStr,49.6865249,-124.3182515,SC:EVI:WVI:BB,GStr:WVI,SC+GStr:EVI+GStr:WVI+WVI:BB+GStr,Inner_South_Coast,,,,CM-SC_Inside,,Abs_Abd,FALSE,FALSE,TRUE,TRUE,FALSE,4,FALSE,NA,NA,3,0,TRUE,FALSE,geomean,FALSE,FALSE,15,regular,NA,NA,1000,10000,0.5,0.75,-25,-15,NA,NA,1953,1953
Chum,Cm,CM-03,Howe Sound-Burrard Inlet,Howe Sound-Burrard Inlet,,,CM-03,CM-03,,,HoweSdBurrInl,49.906861,-123.2783192,SC,GStr,SC+GStr,Inner_South_Coast,,,,CM-SC_Inside,,Abs_Abd,FALSE,FALSE,TRUE,TRUE,FALSE,4,FALSE,NA,NA,3,0,TRUE,FALSE,geomean,FALSE,FALSE,15,regular,NA,NA,1000,10000,0.5,0.75,-25,-15,NA,NA,1953,1953
Sockeye,Sk,SkeenaNass_1,Lower Nass Sea & River Type,,,,,SkeenaNass-1,,,LNassSRT,,,Nass,,,Nass,Nass,1,River & Sea,SK-Nass SRT,SK_Nass,Abs_Abd,TRUE,TRUE,TRUE,TRUE,TRUE,4,FALSE,NA,NA,3,0,TRUE,TRUE,geomean,TRUE,FALSE,15,regular,18270.14782,35287.55852,1000,10000,0.5,0.75,-25,-15,NA,NA,1950,1950
Sockeye,Sk,SkeenaNass_2,Meziadin,,,,,SkeenaNass-2,,,Meziadin,,,Upper Nass,,,Nass,Nass,2,Lake,SK-U Nass LT,SK_Nass,Abs_Abd,TRUE,TRUE,TRUE,TRUE,TRUE,5,FALSE,NA,NA,3,0,TRUE,TRUE,geomean,TRUE,FALSE,15,regular,32712.96857,124460.3098,1000,10000,0.5,0.75,-25,-15,NA,NA,1950,1950
Sockeye,Sk,SkeenaNass_3,Bowser,,,,,SkeenaNass-3,,,Bowser,,,Upper Nass,,,Nass,Nass,4,Lake,SK-U Nass LT,SK_Nass,Rel_Idx,FALSE,FALSE,FALSE,FALSE,FALSE,5,FALSE,NA,NA,3,0,TRUE,TRUE,geomean,TRUE,FALSE,15,regular,NA,NA,1000,10000,0.5,0.75,-25,-15,NA,NA,1950,1950
Sockeye,Sk,SkeenaNass_4,Oweegee,,,,,SkeenaNass-4,,,Oweege,,,Upper Nass,,,Nass,Nass,4,Lake,SK-U Nass LT,SK_Nass,Rel_Idx,FALSE,FALSE,FALSE,FALSE,FALSE,5,FALSE,NA,NA,3,0,TRUE,TRUE,geomean,TRUE,FALSE,15,regular,NA,NA,1000,10000,0.5,0.75,-25,-15,NA,NA,1950,1950
Sockeye,Sk,SkeenaNass_5,Kwinageese,,,,,SkeenaNass-5,,,Kwinag,,,Upper Nass,,,Nass,Nass,2,Lake,SK-U Nass LT,SK_Nass,Abs_Abd,TRUE,TRUE,TRUE,TRUE,TRUE,5,FALSE,NA,NA,3,0,TRUE,TRUE,geomean,TRUE,FALSE,15,regular,1898.527078,6066.310516,1000,10000,0.5,0.75,-25,-15,NA,NA,1950,1950
Sockeye,Sk,SkeenaNass_5b,Fred Wright,,,,,SkeenaNass-5b,,,FredWr,,,Upper Nass,,,Nass,Nass,2,Lake,SK-U Nass LT,SK_Nass,Abs_Abd,TRUE,TRUE,TRUE,TRUE,TRUE,5,FALSE,NA,NA,3,0,TRUE,TRUE,geomean,TRUE,FALSE,15,regular,1898.527078,6066.310516,1000,10000,0.5,0.75,-25,-15,NA,NA,1950,1950
Sockeye,Sk,SkeenaNass_6,Damdochax,,,,,SkeenaNass-6,,,Damdoch,,,Upper Nass,,,Nass,Nass,2,Lake,SK-U Nass LT,SK_Nass,Abs_Abd,TRUE,TRUE,TRUE,TRUE,TRUE,5,FALSE,NA,NA,3,0,TRUE,TRUE,geomean,TRUE,FALSE,15,regular,870.5606624,3553.506334,1000,10000,0.5,0.75,-25,-15,NA,NA,1950,1950
Sockeye,Sk,SkeenaNass_7,Upper Nass River Type,,,,,SkeenaNass-7,,,UNassRT,,,Nass,,,Nass,Nass,4,River,SK-Nass RT,SK_Nass,Rel_Idx,FALSE,FALSE,FALSE,FALSE,FALSE,4,FALSE,NA,NA,3,0,TRUE,TRUE,geomean,TRUE,FALSE,15,regular,NA,NA,1000,10000,0.5,0.75,-25,-15,NA,NA,1950,1950
Sockeye,Sk,SkeenaNass_8,Johnston,,,,,SkeenaNass-8,,,Johnston,,,Lower Skeena,,,Skeena,Skeena,3,Lake,SK-L Skeena LT,SK-Skeena,Abs_Abd,TRUE,TRUE,TRUE,TRUE,TRUE,5,FALSE,NA,NA,3,0,TRUE,TRUE,geomean,TRUE,FALSE,15,regular,1003.669616,2379.502115,1000,10000,0.5,0.75,-25,-15,NA,NA,1950,1950
Sockeye,Sk,SkeenaNass_9,Ecstall,,,,,SkeenaNass-9,,,Ecstall,,,Lower Skeena,,,Skeena,Skeena,NA,Lake,SK-L Skeena LT,SK-Skeena,Rel_Idx,FALSE,FALSE,FALSE,FALSE,FALSE,5,FALSE,NA,NA,3,0,TRUE,TRUE,geomean,TRUE,FALSE,15,regular,NA,NA,1000,10000,0.5,0.75,-25,-15,NA,NA,1950,1950
Sockeye,Sk,SkeenaNass_10,Alastair,,,,,SkeenaNass-10,,,Alastair,,,Lower Skeena,,,Skeena,Skeena,2,Lake,SK-L Skeena LT,SK-Skeena,Abs_Abd,TRUE,TRUE,TRUE,TRUE,TRUE,5,FALSE,NA,NA,3,0,TRUE,TRUE,geomean,TRUE,FALSE,15,regular,3324.340758,9247.50894,1000,10000,0.5,0.75,-25,-15,NA,NA,1950,1950
Sockeye,Sk,SkeenaNass_11,Lakelse,,,,,SkeenaNass-11,,,Lakelse,,,Lower Skeena,,,Skeena,Skeena,1,Lake,SK-L Skeena LT,SK-Skeena,Abs_Abd,TRUE,TRUE,TRUE,TRUE,TRUE,5,FALSE,NA,NA,3,0,TRUE,TRUE,geomean,TRUE,FALSE,15,regular,3959.512779,7160.631917,1000,10000,0.5,0.75,-25,-15,NA,NA,1950,1950
Sockeye,Sk,SkeenaNass_12,Kitsumkalum,,,,,SkeenaNass-12,,,Kitsumk,,,Lower Skeena,,,Skeena,Skeena,4,Lake,SK-L Skeena LT,SK-Skeena,Abs_Abd,TRUE,TRUE,TRUE,TRUE,TRUE,5,FALSE,NA,NA,3,0,TRUE,TRUE,geomean,TRUE,FALSE,15,regular,3241.377951,11698.89861,1000,10000,0.5,0.75,-25,-15,NA,NA,1950,1950
Sockeye,Sk,SkeenaNass_13,Mcdonell,,,,,SkeenaNass-13,,,Mcdonell,,,Lower Skeena,,,Skeena,Skeena,1,Lake,SK-L Skeena LT,SK-Skeena,Abs_Abd,TRUE,TRUE,TRUE,TRUE,TRUE,5,FALSE,NA,NA,3,0,TRUE,TRUE,geomean,TRUE,FALSE,15,regular,495.9112771,1748.121843,1000,10000,0.5,0.75,-25,-15,NA,NA,1950,1950
Sockeye,Sk,SkeenaNass_13b,Aldrich,,,,,SkeenaNass_13b,,,Aldrich,,,Lower Skeena,,,Skeena,Skeena,1,Lake,SK-L Skeena LT,SK-Skeena,Abs_Abd,TRUE,TRUE,TRUE,TRUE,TRUE,5,FALSE,NA,NA,3,0,TRUE,TRUE,geomean,TRUE,FALSE,15,regular,495.9112771,1748.121843,1000,10000,0.5,0.75,-25,-15,NA,NA,1950,1950
Sockeye,Sk,SkeenaNass_13c,Dennis,,,,,SkeenaNass_13c,,,Dennis,,,Lower Skeena,,,Skeena,Skeena,1,Lake,SK-L Skeena LT,SK-Skeena,Abs_Abd,TRUE,TRUE,TRUE,TRUE,TRUE,5,FALSE,NA,NA,3,0,TRUE,TRUE,geomean,TRUE,FALSE,15,regular,495.9112771,1748.121843,1000,10000,0.5,0.75,-25,-15,NA,NA,1950,1950
Sockeye,Sk,SkeenaNass_14,Kitwanga,,,,,SkeenaNass-14,,,Kitwanga,,,Middle Skeena,,,Skeena,Skeena,4,Lake,SK-M Skeena LT,SK-Skeena,Abs_Abd,TRUE,TRUE,TRUE,TRUE,TRUE,4,FALSE,NA,NA,3,0,TRUE,TRUE,geomean,TRUE,FALSE,15,regular,2957.482922,4763.567835,1000,10000,0.5,0.75,-25,-15,NA,NA,1950,1950
Sockeye,Sk,SkeenaNass_15,Bulkley,,,,,SkeenaNass-15,,,Bulkley,,,Middle Skeena,,,Skeena,Skeena,NA,Lake,SK-M Skeena LT,SK-Skeena,Rel_Idx,FALSE,FALSE,FALSE,FALSE,FALSE,5,FALSE,NA,NA,3,0,TRUE,TRUE,geomean,TRUE,FALSE,15,regular,NA,NA,1000,10000,0.5,0.75,-25,-15,NA,NA,1950,1950
Sockeye,Sk,SkeenaNass_15b,Maxan,,,,,SkeenaNass_15b,,,Maxan,,,Middle Skeena,,,Skeena,Skeena,NA,Lake,SK-M Skeena LT,SK-Skeena,Rel_Idx,FALSE,FALSE,FALSE,FALSE,FALSE,5,FALSE,NA,NA,3,0,TRUE,TRUE,geomean,TRUE,FALSE,15,regular,NA,NA,1000,10000,0.5,0.75,-25,-15,NA,NA,1950,1950
Sockeye,Sk,SkeenaNass_16,Morice,,,,,SkeenaNass-16,,,Morice,,,Middle Skeena,,,Skeena,Skeena,2,Lake,SK-M Skeena LT,SK-Skeena,Abs_Abd,TRUE,TRUE,TRUE,TRUE,TRUE,5,FALSE,NA,NA,3,0,TRUE,TRUE,geomean,TRUE,FALSE,15,regular,2151.759893,8318.033138,1000,10000,0.5,0.75,-25,-15,NA,NA,1950,1950
Sockeye,Sk,SkeenaNass_16b,Atna,,,,,SkeenaNass_16b,,,Atna,,,Middle Skeena,,,Skeena,Skeena,NA,Lake,SK-M Skeena LT,SK-Skeena,Rel_Idx,FALSE,FALSE,FALSE,FALSE,FALSE,5,FALSE,NA,NA,3,0,TRUE,TRUE,geomean,TRUE,FALSE,15,regular,NA,NA,1000,10000,0.5,0.75,-25,-15,NA,NA,1950,1950
Sockeye,Sk,SkeenaNass_17,Stephens,,,,,SkeenaNass-17,,,Steph,,,Middle Skeena,,,Skeena,Skeena,2,Lake,SK-M Skeena LT,SK-Skeena,Abs_Abd,TRUE,TRUE,TRUE,TRUE,TRUE,5,FALSE,NA,NA,3,0,TRUE,TRUE,geomean,TRUE,FALSE,15,regular,11191.39127,16747.43737,1000,10000,0.5,0.75,-25,-15,NA,NA,1950,1950
Sockeye,Sk,SkeenaNass_17b,Swan,,,,,SkeenaNass_17b,,,Swan,,,Middle Skeena,,,Skeena,Skeena,2,Lake,SK-M Skeena LT,SK-Skeena,Abs_Abd,TRUE,TRUE,TRUE,TRUE,TRUE,5,FALSE,NA,NA,3,0,TRUE,TRUE,geomean,TRUE,FALSE,15,regular,11191.39127,16747.43737,1000,10000,0.5,0.75,-25,-15,NA,NA,1950,1950
Sockeye,Sk,SkeenaNass_17c,Club,,,,,SkeenaNass_17c,,,Club,,,Middle Skeena,,,Skeena,Skeena,2,Lake,SK-M Skeena LT,SK-Skeena,Abs_Abd,TRUE,TRUE,TRUE,TRUE,TRUE,5,FALSE,NA,NA,3,0,TRUE,TRUE,geomean,TRUE,FALSE,15,regular,11191.39127,16747.43737,1000,10000,0.5,0.75,-25,-15,NA,NA,1950,1950
Sockeye,Sk,SkeenaNass_18,Babine Early Wild,,,,,SkeenaNass-18,,,Bab-EW,,,Middle Skeena,,,Skeena,Skeena,3,Lake,SK-M Skeena LT,SK-Skeena,Abs_Abd,TRUE,TRUE,TRUE,TRUE,TRUE,5,FALSE,NA,NA,3,0,TRUE,TRUE,geomean,TRUE,FALSE,15,regular,17981.8672,34350.27053,1000,10000,0.5,0.75,-25,-15,NA,NA,1950,1950
Sockeye,Sk,SkeenaNass_19,Babine Late Wild,,,,,SkeenaNass-19,,,Bab-LW,,,Middle Skeena,,,Skeena,Skeena,5,Lake,SK-M Skeena LT,SK-Skeena,Abs_Abd,TRUE,TRUE,TRUE,TRUE,TRUE,5,FALSE,NA,NA,3,0,TRUE,TRUE,geomean,TRUE,FALSE,15,regular,92775.2531,196143.592,1000,10000,0.5,0.75,-25,-15,NA,NA,1950,1950
Sockeye,Sk,SkeenaNass_20,Babine Mid Wild,,,,,SkeenaNass-20,,,Bab-MW,,,Middle Skeena,,,Skeena,Skeena,4,Lake,SK-M Skeena LT,SK-Skeena,Abs_Abd,TRUE,TRUE,TRUE,TRUE,TRUE,5,FALSE,NA,NA,3,0,TRUE,TRUE,geomean,TRUE,FALSE,15,regular,4820.039908,13796.45808,1000,10000,0.5,0.75,-25,-15,NA,NA,1950,1950
Sockeye,Sk,SkeenaNass_23,Sicintine,,,,,SkeenaNass-23,,,Sicintine,,,Upper Skeena,,,Skeena,Skeena,NA,Lake,SK-U Skeena LT,SK-Skeena,Rel_Idx,FALSE,FALSE,FALSE,FALSE,FALSE,5,FALSE,NA,NA,3,0,TRUE,TRUE,geomean,TRUE,FALSE,15,regular,NA,NA,1000,10000,0.5,0.75,-25,-15,NA,NA,1950,1950
Sockeye,Sk,SkeenaNass_24,Slamgeesh,,,,,SkeenaNass-24,,,Slamg,,,Upper Skeena,,,Skeena,Skeena,4,Lake,SK-U Skeena LT,SK-Skeena,Abs_Abd,TRUE,TRUE,TRUE,TRUE,TRUE,4,FALSE,NA,NA,3,0,TRUE,TRUE,geomean,TRUE,FALSE,15,regular,87.09173976,212.9931299,1000,10000,0.5,0.75,-25,-15,NA,NA,1950,1950
Sockeye,Sk,SkeenaNass_24b,Damshilgwit,,,,,SkeenaNass_24b,,,Damshil,,,Upper Skeena,,,Skeena,Skeena,4,Lake,SK-U Skeena LT,SK-Skeena,Abs_Abd,FALSE,FALSE,FALSE,FALSE,FALSE,5,FALSE,NA,NA,3,0,TRUE,TRUE,geomean,TRUE,FALSE,15,regular,NA,NA,1000,10000,0.5,0.75,-25,-15,NA,NA,1950,1950
Sockeye,Sk,SkeenaNass_25,Motase,,,,,SkeenaNass-25,,,Motase,,,Upper Skeena,,,Skeena,Skeena,4,Lake,SK-U Skeena LT,SK-Skeena,Abs_Abd,TRUE,TRUE,TRUE,TRUE,TRUE,5,FALSE,NA,NA,3,0,TRUE,TRUE,geomean,TRUE,FALSE,15,regular,162.6688581,406.2994468,1000,10000,0.5,0.75,-25,-15,NA,NA,1950,1950
Sockeye,Sk,SkeenaNass_26,Bear,,,,,SkeenaNass-26,,,Bear,,,Upper Skeena,,,Skeena,Skeena,4,Lake,SK-U Skeena LT,SK-Skeena,Abs_Abd,TRUE,TRUE,TRUE,TRUE,TRUE,5,FALSE,NA,NA,3,0,TRUE,TRUE,geomean,TRUE,FALSE,15,regular,655.6894309,3591.690472,1000,10000,0.5,0.75,-25,-15,NA,NA,1950,1950
Sockeye,Sk,SkeenaNass_26b,Azuklotz,,,,,SkeenaNass-26b,,,Azukl,,,Upper Skeena,,,Skeena,Skeena,4,Lake,SK-U Skeena LT,SK-Skeena,Abs_Abd,TRUE,TRUE,TRUE,TRUE,TRUE,5,FALSE,NA,NA,3,0,TRUE,TRUE,geomean,TRUE,FALSE,15,regular,,,1000,10000,0.5,0.75,-25,-15,NA,NA,1950,1950
Sockeye,Sk,SkeenaNass_27,Asitka,,,,,SkeenaNass-27,,,Asitka,,,Upper Skeena,,,Skeena,Skeena,NA,Lake,SK-U Skeena LT,SK-Skeena,Abs_Abd,TRUE,TRUE,TRUE,TRUE,TRUE,5,FALSE,NA,NA,3,0,TRUE,TRUE,geomean,TRUE,FALSE,15,regular,366.4374252,670.7855111,1000,10000,0.5,0.75,-25,-15,NA,NA,1950,1950
Sockeye,Sk,SkeenaNass_28,Sustut,,,,,SkeenaNass-28,,,Sustut,,,Upper Skeena,,,Skeena,Skeena,3,Lake,SK-U Skeena LT,SK-Skeena,Abs_Abd,TRUE,TRUE,TRUE,TRUE,TRUE,5,FALSE,NA,NA,3,0,TRUE,TRUE,geomean,TRUE,FALSE,15,regular,86.09421629,613.6698147,1000,10000,0.5,0.75,-25,-15,NA,NA,1950,1950
Sockeye,Sk,SkeenaNass_28b,Johansen,,,,,SkeenaNass-28b,,,Johan,,,Upper Skeena,,,Skeena,Skeena,3,Lake,SK-U Skeena LT,SK-Skeena,Rel_Idx,FALSE,FALSE,FALSE,FALSE,FALSE,5,FALSE,NA,NA,3,0,TRUE,TRUE,geomean,TRUE,FALSE,15,regular,NA,NA,1000,10000,0.5,0.75,-25,-15,NA,NA,1950,1950
Sockeye,Sk,SkeenaNass-28c,Spawning Lake,,,,,SkeenaNass-28c,,,Spawning,,,Upper Skeena,,,Skeena,Skeena,3,Lake,SK-U Skeena LT,SK-Skeena,Rel_Idx,FALSE,FALSE,FALSE,FALSE,FALSE,5,FALSE,NA,NA,3,0,TRUE,TRUE,geomean,TRUE,FALSE,15,regular,NA,NA,1000,10000,0.5,0.75,-25,-15,NA,NA,1950,1950
Sockeye,Sk,SkeenaNass_29,Kluantantan,,,,,SkeenaNass-29,,,Kluant,,,Upper Skeena,,,Skeena,Skeena,NA,Lake,SK-U Skeena LT,SK-Skeena,Rel_Idx,FALSE,FALSE,FALSE,FALSE,FALSE,5,FALSE,NA,NA,3,0,TRUE,TRUE,geomean,TRUE,FALSE,15,regular,NA,NA,1000,10000,0.5,0.75,-25,-15,NA,NA,1950,1950
Sockeye,Sk,SkeenaNass_30,Kluayaz,,,,,SkeenaNass-30,,,Kluayaz,,,Upper Skeena,,,Skeena,Skeena,NA,Lake,SK-U Skeena LT,SK-Skeena,Rel_Idx,FALSE,FALSE,FALSE,FALSE,FALSE,5,FALSE,NA,NA,3,0,TRUE,TRUE,geomean,TRUE,FALSE,15,regular,NA,NA,1000,10000,0.5,0.75,-25,-15,NA,NA,1950,1950
Sockeye,Sk,SkeenaNass_31,Skeena River Type,,,,,SkeenaNass-31,,,Skeena RT,,,Upper Skeena,,,Skeena,Skeena,NA,River,SK-Skeena RT,SK-Skeena,Rel_Idx,FALSE,FALSE,FALSE,FALSE,FALSE,5,FALSE,NA,NA,3,0,TRUE,TRUE,geomean,TRUE,FALSE,15,regular,NA,NA,1000,10000,0.5,0.75,-25,-15,NA,NA,1950,1950
Sockeye,Sk,SEL_1_1,Osoyoos,Osoyoos,,SEL-01-001,SEL-01-01,SEL-1-1,,,Osoyoos,,,Okanagan,,,Columbia,Columbia,,Lake,SK-Columbia,SK-Columbia,Abs_Abd,TRUE,TRUE,TRUE,TRUE,FALSE,4,FALSE,NA,NA,3,0,TRUE,FALSE,geomean,FALSE,FALSE,15,regular,63584,90921,1000,10000,0.5,0.75,-25,-15,NA,NA,1950,1950
